time_s,period_us
0.0,10000000
0.02,1904940
0.04,10000000
0.06,1527955
0.08,10000000
0.1,10000000
0.12000000000000001,10000000
0.14,10000000
0.16,10000000
0.18,10000000
0.19999999999999998,10000000
0.21999999999999997,10000000
0.23999999999999996,1187269
0.25999999999999995,10000000
0.27999999999999997,10000000
0.3,764581
0.32,1099859
0.34,2515923
0.36000000000000004,10000000
0.38000000000000006,876574
0.4000000000000001,1161222
0.4200000000000001,1921668
0.4400000000000001,794940
0.46000000000000013,10000000
0.48000000000000015,10000000
0.5000000000000001,10000000
0.5200000000000001,704101
0.5400000000000001,888371
0.5600000000000002,1108552
0.5800000000000002,1464161
0.6000000000000002,466604
0.6200000000000002,875439
0.6400000000000002,850486
0.6600000000000003,996792
0.6800000000000003,504820
0.7000000000000003,1022704
0.7200000000000003,690690
0.7400000000000003,654319
0.7600000000000003,955578
0.7800000000000004,1115364
0.8000000000000004,682054
0.8200000000000004,645316
0.8400000000000004,527636
0.8600000000000004,662353
0.8800000000000004,764069
0.9000000000000005,483557
0.9200000000000005,469114
0.9400000000000005,527995
0.9600000000000005,586378
0.9800000000000005,650590
1.0000000000000004,303662
1.0200000000000005,712538
1.0400000000000005,644391
1.0600000000000005,484785
1.0800000000000005,373624
1.1000000000000005,360064
1.1200000000000006,356833
1.1400000000000006,684029
1.1600000000000006,417779
1.1800000000000006,316542
1.2000000000000006,254648
1.2200000000000006,363065
1.2400000000000007,483190
1.2600000000000007,399809
1.2800000000000007,285988
1.3000000000000007,235694
1.3200000000000007,305835
1.3400000000000007,331360
1.3600000000000008,318006
1.3800000000000008,266388
1.4000000000000008,282974
1.4200000000000008,227724
1.4400000000000008,287864
1.4600000000000009,345315
1.4800000000000009,205559
1.5000000000000009,232281
1.520000000000001,207110
1.540000000000001,191707
1.560000000000001,296260
1.580000000000001,226369
1.600000000000001,241797
1.620000000000001,211477
1.640000000000001,199700
1.660000000000001,280351
1.680000000000001,173293
1.700000000000001,274634
1.720000000000001,192691
1.740000000000001,236902
1.7600000000000011,184741
1.7800000000000011,221286
1.8000000000000012,163353
1.8200000000000012,175455
1.8400000000000012,197917
1.8600000000000012,151571
1.8800000000000012,165184
1.9000000000000012,208896
1.9200000000000013,175985
1.9400000000000013,195533
1.9600000000000013,186180
1.9800000000000013,157518
2.0000000000000013,144614
2.0200000000000014,145467
2.0400000000000014,173603
2.0600000000000014,160685
2.0800000000000014,140317
2.1000000000000014,168328
2.1200000000000014,154969
2.1400000000000015,162464
2.1600000000000015,145021
2.1800000000000015,134353
2.2000000000000015,152574
2.2200000000000015,144264
2.2400000000000015,133880
2.2600000000000016,155586
2.2800000000000016,136037
2.3000000000000016,141487
2.3200000000000016,126048
2.3400000000000016,122822
2.3600000000000017,142316
2.3800000000000017,127291
2.4000000000000017,142683
2.4200000000000017,142794
2.4400000000000017,130193
2.4600000000000017,133934
2.4800000000000018,121934
2.5000000000000018,127285
2.520000000000002,116936
2.540000000000002,118454
2.560000000000002,121780
2.580000000000002,121249
2.600000000000002,112043
2.620000000000002,107532
2.640000000000002,125240
2.660000000000002,112360
2.680000000000002,112386
2.700000000000002,121493
2.720000000000002,106260
2.740000000000002,111240
2.760000000000002,108759
2.780000000000002,122614
2.800000000000002,102684
2.820000000000002,107247
2.840000000000002,104842
2.860000000000002,112471
2.880000000000002,98156
2.900000000000002,114483
2.920000000000002,113835
2.940000000000002,110487
2.960000000000002,100431
2.980000000000002,101864
3.000000000000002,103550
3.0200000000000022,105725
3.0400000000000023,98355
3.0600000000000023,103579
3.0800000000000023,99630
3.1000000000000023,111506
3.1200000000000023,111539
3.1400000000000023,99983
3.1600000000000024,101022
3.1800000000000024,98321
3.2000000000000024,97812
3.2200000000000024,101700
3.2400000000000024,114678
3.2600000000000025,97538
3.2800000000000025,98679
3.3000000000000025,101640
3.3200000000000025,97692
3.3400000000000025,88590
3.3600000000000025,97708
3.3800000000000026,103123
3.4000000000000026,105263
3.4200000000000026,101829
3.4400000000000026,99030
3.4600000000000026,98231
3.4800000000000026,96541
3.5000000000000027,109172
3.5200000000000027,99911
3.5400000000000027,93295
3.5600000000000027,104202
3.5800000000000027,92273
3.6000000000000028,108095
3.6200000000000028,99014
3.640000000000003,92274
3.660000000000003,101849
3.680000000000003,96046
3.700000000000003,94618
3.720000000000003,108595
3.740000000000003,96198
3.760000000000003,97177
3.780000000000003,99490
3.800000000000003,103954
3.820000000000003,102443
3.840000000000003,96646
3.860000000000003,90809
3.880000000000003,98305
3.900000000000003,99857
3.920000000000003,99216
3.940000000000003,96185
3.960000000000003,88031
3.980000000000003,88851
4.000000000000003,92337
4.020000000000002,98693
4.040000000000002,95696
4.060000000000001,94112
4.080000000000001,89256
4.1000000000000005,97530
4.12,92733
4.14,98971
4.159999999999999,97223
4.179999999999999,90248
4.199999999999998,99408
4.219999999999998,94198
4.2399999999999975,101485
4.259999999999997,88792
4.279999999999997,97021
4.299999999999996,100217
4.319999999999996,113895
4.339999999999995,100407
4.359999999999995,92005
4.379999999999995,106493
4.399999999999994,93187
4.419999999999994,104549
4.439999999999993,99721
4.459999999999993,103702
4.479999999999992,99366
4.499999999999992,101346
4.519999999999992,101085
4.539999999999991,96096
4.559999999999991,101552
4.57999999999999,102979
4.59999999999999,104673
4.6199999999999894,93561
4.639999999999989,100082
4.659999999999989,103386
4.679999999999988,103207
4.699999999999988,102892
4.719999999999987,99349
4.739999999999987,103473
4.7599999999999865,105157
4.779999999999986,97781
4.799999999999986,103608
4.819999999999985,101369
4.839999999999985,90384
4.859999999999984,91044
4.879999999999984,93641
4.8999999999999835,98280
4.919999999999983,102107
4.939999999999983,86986
4.959999999999982,84203
4.979999999999982,102195
4.999999999999981,107212
5.019999999999981,91732
5.0399999999999805,98441
5.05999999999998,97460
5.07999999999998,96008
5.099999999999979,94235
5.119999999999979,101364
5.139999999999978,94765
5.159999999999978,94977
5.1799999999999775,93113
5.199999999999977,89050
5.219999999999977,100782
5.239999999999976,102642
5.259999999999976,89387
5.279999999999975,87381
5.299999999999975,96742
5.3199999999999745,95558
5.339999999999974,102310
5.359999999999974,95682
5.379999999999973,97787
5.399999999999973,105197
5.419999999999972,83151
5.439999999999972,94322
5.4599999999999715,93084
5.479999999999971,88230
5.499999999999971,101738
5.51999999999997,104696
5.53999999999997,96710
5.559999999999969,96493
5.579999999999969,93979
5.599999999999969,95848
5.619999999999968,99877
5.639999999999968,96596
5.659999999999967,93822
5.679999999999967,93941
5.699999999999966,84681
5.719999999999966,95679
5.739999999999966,92029
5.759999999999965,100449
5.779999999999965,93099
5.799999999999964,96029
5.819999999999964,83256
5.839999999999963,96653
5.859999999999963,101190
5.879999999999963,92789
5.899999999999962,99022
5.919999999999962,105778
5.939999999999961,97038
5.959999999999961,93043
5.9799999999999605,97900
5.99999999999996,93633
6.01999999999996,91415
6.039999999999959,91855
6.059999999999959,87882
6.079999999999958,85743
6.099999999999958,91449
6.1199999999999575,83749
6.139999999999957,81693
6.159999999999957,82888
6.179999999999956,90752
6.199999999999956,83235
6.219999999999955,75217
6.239999999999955,81379
6.2599999999999545,76224
6.279999999999954,74710
6.299999999999954,75844
6.319999999999953,74962
6.339999999999953,77946
6.359999999999952,70191
6.379999999999952,72529
6.3999999999999515,72970
6.419999999999951,77415
6.439999999999951,67786
6.45999999999995,76854
6.47999999999995,65514
6.499999999999949,69355
6.519999999999949,70028
6.5399999999999485,66472
6.559999999999948,65611
6.579999999999948,71464
6.599999999999947,64928
6.619999999999947,64042
6.639999999999946,70700
6.659999999999946,61906
6.6799999999999455,62752
6.699999999999945,63802
6.719999999999945,60670
6.739999999999944,63167
6.759999999999944,61602
6.779999999999943,65815
6.799999999999943,65723
6.8199999999999426,61012
6.839999999999942,63191
6.859999999999942,64668
6.879999999999941,62676
6.899999999999941,63064
6.91999999999994,58244
6.93999999999994,61303
6.95999999999994,59818
6.979999999999939,60984
6.999999999999939,59339
7.019999999999938,62947
7.039999999999938,60428
7.059999999999937,58492
7.079999999999937,57298
7.099999999999937,62039
7.119999999999936,61264
7.139999999999936,60036
7.159999999999935,56245
7.179999999999935,63857
7.1999999999999345,57883
7.219999999999934,56627
7.239999999999934,59815
7.259999999999933,56957
7.279999999999933,58485
7.299999999999932,55820
7.319999999999932,56092
7.3399999999999315,54938
7.359999999999931,54912
7.379999999999931,57094
7.39999999999993,57081
7.41999999999993,55025
7.439999999999929,55238
7.459999999999929,55358
7.4799999999999285,54521
7.499999999999928,57282
7.519999999999928,56443
7.539999999999927,53291
7.559999999999927,55186
7.579999999999926,56508
7.599999999999926,53736
7.6199999999999255,52480
7.639999999999925,54716
7.659999999999925,54137
7.679999999999924,53202
7.699999999999924,53280
7.719999999999923,56048
7.739999999999923,54799
7.7599999999999225,55777
7.779999999999922,55006
7.799999999999922,54744
7.819999999999921,55205
7.839999999999921,56172
7.85999999999992,51830
7.87999999999992,54091
7.8999999999999195,51346
7.919999999999919,50879
7.939999999999919,55914
7.959999999999918,55348
7.979999999999918,54219
7.999999999999917,54577
8.019999999999918,54569
8.039999999999917,52677
8.059999999999917,51090
8.079999999999917,53752
8.099999999999916,53810
8.119999999999916,52200
8.139999999999915,50848
8.159999999999915,52897
8.179999999999914,52389
8.199999999999914,54422
8.219999999999914,49942
8.239999999999913,53624
8.259999999999913,51521
8.279999999999912,52780
8.299999999999912,56066
8.319999999999911,55711
8.339999999999911,53974
8.35999999999991,51025
8.37999999999991,51117
8.39999999999991,55256
8.41999999999991,52345
8.439999999999909,53927
8.459999999999908,51690
8.479999999999908,52305
8.499999999999908,54000
8.519999999999907,53831
8.539999999999907,55424
8.559999999999906,53434
8.579999999999906,51505
8.599999999999905,50934
8.619999999999905,52921
8.639999999999905,51940
8.659999999999904,52173
8.679999999999904,53637
8.699999999999903,49992
8.719999999999903,52689
8.739999999999903,51927
8.759999999999902,48371
8.779999999999902,53694
8.799999999999901,51242
8.8199999999999,51086
8.8399999999999,51481
8.8599999999999,54540
8.8799999999999,50648
8.899999999999899,53464
8.919999999999899,50888
8.939999999999898,52384
8.959999999999898,52448
8.979999999999897,50966
8.999999999999897,51876
9.019999999999897,53259
9.039999999999896,50308
9.059999999999896,47780
9.079999999999895,50262
9.099999999999895,51028
9.119999999999894,54039
9.139999999999894,52791
9.159999999999894,50597
9.179999999999893,53993
9.199999999999893,53359
9.219999999999892,48711
9.239999999999892,52259
9.259999999999891,51767
9.279999999999891,50392
9.29999999999989,53640
9.31999999999989,51738
9.33999999999989,52903
9.35999999999989,49599
9.379999999999889,51637
9.399999999999888,50363
9.419999999999888,48764
9.439999999999888,50107
9.459999999999887,50094
9.479999999999887,49081
9.499999999999886,53557
9.519999999999886,51847
9.539999999999885,52323
9.559999999999885,53462
9.579999999999885,49302
9.599999999999884,50378
9.619999999999884,48951
9.639999999999883,52221
9.659999999999883,51618
9.679999999999882,50947
9.699999999999882,51083
9.719999999999882,55487
9.739999999999881,53831
9.75999999999988,50760
9.77999999999988,53219
9.79999999999988,51746
9.81999999999988,52282
9.839999999999879,49649
9.859999999999879,54608
9.879999999999878,52452
9.899999999999878,52637
9.919999999999877,53025
9.939999999999877,52538
9.959999999999877,53168
9.979999999999876,51969
9.999999999999876,50586
10.019999999999875,51045
10.039999999999875,52951
10.059999999999874,52359
10.079999999999874,51246
10.099999999999874,49433
10.119999999999873,51857
10.139999999999873,50918
10.159999999999872,50990
10.179999999999872,49668
10.199999999999871,52297
10.219999999999871,51264
10.23999999999987,48705
10.25999999999987,50609
10.27999999999987,54926
10.29999999999987,51616
10.319999999999869,53055
10.339999999999868,51654
10.359999999999868,50214
10.379999999999868,51406
10.399999999999867,49740
10.419999999999867,49004
10.439999999999866,51185
10.459999999999866,51063
10.479999999999865,49750
10.499999999999865,49365
10.519999999999865,53376
10.539999999999864,50464
10.559999999999864,50329
10.579999999999863,52179
10.599999999999863,51158
10.619999999999862,50393
10.639999999999862,50332
10.659999999999862,48268
10.679999999999861,51349
10.69999999999986,54795
10.71999999999986,48928
10.73999999999986,47786
10.75999999999986,50888
10.779999999999859,51042
10.799999999999859,53096
10.819999999999858,52631
10.839999999999858,53243
10.859999999999857,50023
10.879999999999857,49308
10.899999999999856,48736
10.919999999999856,50157
10.939999999999856,50761
10.959999999999855,51873
10.979999999999855,51501
10.999999999999854,49652
11.019999999999854,51666
11.039999999999853,49468
11.059999999999853,50242
11.079999999999853,49547
11.099999999999852,51343
11.119999999999852,51665
11.139999999999851,50122
11.159999999999851,48357
11.17999999999985,51519
11.19999999999985,47838
11.21999999999985,49675
11.23999999999985,50886
11.259999999999849,51332
11.279999999999848,48323
11.299999999999848,50001
11.319999999999848,53667
11.339999999999847,49518
11.359999999999847,52632
11.379999999999846,51772
11.399999999999846,49578
11.419999999999845,50851
11.439999999999845,48871
11.459999999999845,51924
11.479999999999844,50706
11.499999999999844,51588
11.519999999999843,50440
11.539999999999843,50793
11.559999999999842,52962
11.579999999999842,53084
11.599999999999842,50636
11.619999999999841,51371
11.63999999999984,50155
11.65999999999984,49537
11.67999999999984,51326
11.69999999999984,49235
11.719999999999839,51459
11.739999999999839,54077
11.759999999999838,53833
11.779999999999838,49445
11.799999999999837,50355
11.819999999999837,50550
11.839999999999836,50278
11.859999999999836,51505
11.879999999999836,50532
11.899999999999835,52124
11.919999999999835,50218
11.939999999999834,54159
11.959999999999834,50649
11.979999999999833,52477
11.999999999999833,48291
12.019999999999833,51256
12.039999999999832,51431
12.059999999999832,50038
12.079999999999831,50173
12.099999999999831,50975
12.11999999999983,50650
12.13999999999983,50714
12.15999999999983,49401
12.17999999999983,51015
12.199999999999829,49163
12.219999999999828,53891
12.239999999999828,50348
12.259999999999827,52671
12.279999999999827,50629
12.299999999999827,50219
12.319999999999826,50056
12.339999999999826,51304
12.359999999999825,50191
12.379999999999825,52391
12.399999999999824,51100
12.419999999999824,51099
12.439999999999824,51210
12.459999999999823,50344
12.479999999999823,51701
12.499999999999822,53745
12.519999999999822,51304
12.539999999999822,51280
12.559999999999821,51264
12.57999999999982,51264
12.59999999999982,49578
12.61999999999982,50313
12.63999999999982,49280
12.659999999999819,50698
12.679999999999819,49030
12.699999999999818,51557
12.719999999999818,52367
12.739999999999817,53086
12.759999999999817,50688
12.779999999999816,50774
12.799999999999816,53955
12.819999999999816,50458
12.839999999999815,50951
12.859999999999815,52042
12.879999999999814,51561
12.899999999999814,52142
12.919999999999813,50204
12.939999999999813,50730
12.959999999999813,51845
12.979999999999812,52302
12.999999999999812,51570
13.019999999999811,51474
13.03999999999981,49820
13.05999999999981,48998
13.07999999999981,49099
13.09999999999981,50174
13.11999999999981,53791
13.139999999999809,50553
13.159999999999808,50610
13.179999999999808,49534
13.199999999999807,48764
13.219999999999807,51574
13.239999999999807,51898
13.259999999999806,51549
13.279999999999806,50527
13.299999999999805,52130
13.319999999999805,49516
13.339999999999804,49478
13.359999999999804,50672
13.379999999999804,50473
13.399999999999803,51219
13.419999999999803,48435
13.439999999999802,49993
13.459999999999802,50766
13.479999999999801,49876
13.499999999999801,48138
13.5199999999998,49590
13.5399999999998,51801
13.5599999999998,50553
13.5799999999998,52493
13.599999999999799,48621
13.619999999999798,55985
13.639999999999798,50408
13.659999999999798,49631
13.679999999999797,48983
13.699999999999797,50246
13.719999999999796,53295
13.739999999999796,51309
13.759999999999796,51114
13.779999999999795,48675
13.799999999999795,50000
13.819999999999794,51709
13.839999999999794,50072
13.859999999999793,50819
13.879999999999793,49551
13.899999999999793,55505
13.919999999999792,50244
13.939999999999792,50923
13.959999999999791,50490
13.97999999999979,51330
13.99999999999979,47763
14.01999999999979,52363
14.03999999999979,50638
14.059999999999789,51839
14.079999999999789,51797
14.099999999999788,54249
14.119999999999788,50550
14.139999999999787,50626
14.159999999999787,48722
14.179999999999787,51145
14.199999999999786,48567
14.219999999999786,51130
14.239999999999785,49191
14.259999999999785,49836
14.279999999999784,48267
14.299999999999784,51086
14.319999999999784,51552
14.339999999999783,52694
14.359999999999783,50038
14.379999999999782,49517
14.399999999999782,47994
14.419999999999781,49688
14.439999999999781,50963
14.45999999999978,48472
14.47999999999978,51169
14.49999999999978,55725
14.51999999999978,51718
14.539999999999779,48253
14.559999999999778,51649
14.579999999999778,51934
14.599999999999778,51594
14.619999999999777,52348
14.639999999999777,48537
14.659999999999776,48368
14.679999999999776,51143
14.699999999999775,50760
14.719999999999775,51010
14.739999999999775,48574
14.759999999999774,50759
14.779999999999774,52722
14.799999999999773,51182
14.819999999999773,49434
14.839999999999772,49035
14.859999999999772,48508
14.879999999999772,51850
14.899999999999771,51219
14.91999999999977,54216
14.93999999999977,51178
14.95999999999977,50431
14.97999999999977,52608
14.999999999999769,54079
15.019999999999769,49811
15.039999999999768,49967
15.059999999999768,49198
15.079999999999767,51044
15.099999999999767,48206
15.119999999999767,48769
15.139999999999766,51961
15.159999999999766,51306
15.179999999999765,53207
15.199999999999765,50088
15.219999999999764,52688
15.239999999999764,50805
15.259999999999764,50922
15.279999999999763,51925
15.299999999999763,51085
15.319999999999762,51429
15.339999999999762,54186
15.359999999999761,52910
15.379999999999761,53424
15.39999999999976,49055
15.41999999999976,51515
15.43999999999976,53097
15.45999999999976,51925
15.479999999999759,49791
15.499999999999758,49899
15.519999999999758,49558
15.539999999999758,49363
15.559999999999757,52072
15.579999999999757,52251
15.599999999999756,51469
15.619999999999756,47732
15.639999999999755,51959
15.659999999999755,50862
15.679999999999755,51629
15.699999999999754,48679
15.719999999999754,52402
15.739999999999753,51865
15.759999999999753,49092
15.779999999999752,53218
15.799999999999752,49246
15.819999999999752,50099
15.839999999999751,47550
15.85999999999975,49638
15.87999999999975,51170
15.89999999999975,51379
15.91999999999975,51459
15.939999999999749,51609
15.959999999999749,51097
15.979999999999748,55817
15.999999999999748,50529
16.019999999999747,50024
16.039999999999747,51980
16.059999999999746,51262
16.079999999999746,51976
16.099999999999746,49745
16.119999999999745,48818
16.139999999999745,50804
16.159999999999744,50597
16.179999999999744,49957
16.199999999999743,51435
16.219999999999743,49978
16.239999999999743,50437
16.259999999999742,50146
16.279999999999742,50115
16.29999999999974,49607
16.31999999999974,51154
16.33999999999974,49373
16.35999999999974,50801
16.37999999999974,49268
16.39999999999974,53854
16.41999999999974,50110
16.43999999999974,51898
16.459999999999738,51269
16.479999999999738,52976
16.499999999999737,49247
16.519999999999737,46915
16.539999999999736,50051
16.559999999999736,49714
16.579999999999735,49990
16.599999999999735,49667
16.619999999999735,51370
16.639999999999734,48254
16.659999999999734,52730
16.679999999999733,53296
16.699999999999733,51195
16.719999999999732,50469
16.739999999999732,50898
16.75999999999973,50146
16.77999999999973,48271
16.79999999999973,52550
16.81999999999973,51843
16.83999999999973,52931
16.85999999999973,51183
16.87999999999973,52532
16.89999999999973,51325
16.919999999999728,50848
16.939999999999728,51783
16.959999999999727,50730
16.979999999999727,50491
16.999999999999726,50421
17.019999999999726,53088
17.039999999999726,55796
17.059999999999725,58642
17.079999999999725,61632
17.099999999999724,64773
17.119999999999724,68074
17.139999999999723,71542
17.159999999999723,75185
17.179999999999723,79012
17.199999999999722,83033
17.21999999999972,87257
17.23999999999972,91694
17.25999999999972,96354
17.27999999999972,101250
17.29999999999972,106391
17.31999999999972,111791
17.33999999999972,117462
17.35999999999972,123418
17.37999999999972,129672
17.399999999999718,136238
17.419999999999717,143134
17.439999999999717,150373
17.459999999999717,157973
17.479999999999716,165952
17.499999999999716,174327
17.519999999999715,183117
17.539999999999715,192343
17.559999999999715,202026
17.579999999999714,212186
17.599999999999714,222847
17.619999999999713,234032
17.639999999999713,245766
17.659999999999712,258074
17.679999999999712,270983
17.69999999999971,284520
17.71999999999971,298716
17.73999999999971,313599
17.75999999999971,329201
17.77999999999971,345555
17.79999999999971,362694
17.81999999999971,380652
17.83999999999971,399467
17.859999999999708,419176
17.879999999999708,439817
17.899999999999707,461430
17.919999999999707,484058
17.939999999999706,507742
17.959999999999706,532526
17.979999999999706,558457
17.999999999999705,585581
18.019999999999705,613946
18.039999999999704,643600
18.059999999999704,674595
18.079999999999703,706981
18.099999999999703,740812
18.119999999999703,776141
18.139999999999702,813023
18.1599999999997,851513
18.1799999999997,891668
18.1999999999997,933543
18.2199999999997,977198
18.2399999999997,1022688
18.2599999999997,1070073
18.2799999999997,1119409
18.2999999999997,1170755
18.3199999999997,1224168
18.339999999999698,1279703
18.359999999999697,1337418
18.379999999999697,1397365
18.399999999999697,1459598
18.419999999999696,1524167
18.439999999999696,1591123
18.459999999999695,1660510
18.479999999999695,1732372
18.499999999999694,1806750
18.519999999999694,1883679
18.539999999999694,1963194
18.559999999999693,2045320
18.579999999999693,2130083
18.599999999999692,2217498
18.619999999999692,2307580
18.63999999999969,2400333
18.65999999999969,2495757
18.67999999999969,2593846
18.69999999999969,2694584
18.71999999999969,2797949
18.73999999999969,2903910
18.75999999999969,3012431
18.77999999999969,3123464
18.799999999999688,3236953
18.819999999999688,6000000
18.839999999999687,6000000
18.859999999999687,6000000
18.879999999999686,6000000
18.899999999999686,6000000
18.919999999999686,6000000
18.939999999999685,6000000
18.959999999999685,6000000
18.979999999999684,6000000
18.999999999999684,6000000
19.019999999999683,6000000
19.039999999999683,6000000
19.059999999999683,6000000
19.079999999999682,6000000
19.09999999999968,6000000
19.11999999999968,6000000
19.13999999999968,6000000
19.15999999999968,6000000
19.17999999999968,6000000
19.19999999999968,6000000
19.21999999999968,6000000
19.23999999999968,6000000
19.25999999999968,6000000
19.279999999999678,6000000
19.299999999999677,6000000
19.319999999999677,6000000
19.339999999999677,6000000
19.359999999999676,6000000
19.379999999999676,6000000
19.399999999999675,6000000
19.419999999999675,6000000
19.439999999999674,6000000
19.459999999999674,6000000
19.479999999999674,6000000
19.499999999999673,6000000
19.519999999999673,6000000
19.539999999999672,6000000
19.559999999999672,6000000
19.57999999999967,6000000
19.59999999999967,6000000
19.61999999999967,6000000
19.63999999999967,6000000
19.65999999999967,6000000
19.67999999999967,6000000
19.69999999999967,6000000
19.71999999999967,6000000
19.739999999999668,6000000
19.759999999999668,6000000
19.779999999999667,6000000
19.799999999999667,6000000
19.819999999999666,6000000
19.839999999999666,6000000
19.859999999999665,6000000
19.879999999999665,6000000
19.899999999999665,6000000
19.919999999999664,6000000
19.939999999999664,6000000
19.959999999999663,6000000
19.979999999999663,6000000
19.999999999999662,6000000
